{
  "fish": [],
  "food": [],
  "algae": 90.3999999999987,
  "generation": 404,
  "timestamp": "2026-04-08T19:52:28.397337",
  "population": 0
}