{
  "fish": [],
  "food": [],
  "algae": 54.500000000000064,
  "generation": 45,
  "timestamp": "2026-03-26T10:33:53.067933",
  "population": 0
}