{
  "fish": [],
  "food": [],
  "algae": 61.30000000000016,
  "generation": 113,
  "timestamp": "2026-03-28T18:44:17.407117",
  "population": 0
}