{
  "fish": [],
  "food": [],
  "algae": 90.69999999999868,
  "generation": 407,
  "timestamp": "2026-04-08T21:58:13.547984",
  "population": 0
}