{
  "fish": [],
  "food": [],
  "algae": 69.89999999999986,
  "generation": 199,
  "timestamp": "2026-03-31T22:05:25.860740",
  "population": 0
}