{
  "fish": [],
  "food": [],
  "algae": 59.20000000000013,
  "generation": 92,
  "timestamp": "2026-03-28T06:38:16.019297",
  "population": 0
}