{
  "fish": [],
  "food": [],
  "algae": 87.69999999999885,
  "generation": 377,
  "timestamp": "2026-04-07T12:04:11.126195",
  "population": 0
}