{
  "fish": [],
  "food": [],
  "algae": 74.5999999999996,
  "generation": 246,
  "timestamp": "2026-04-02T22:46:24.057019",
  "population": 0
}