{
  "fish": [],
  "food": [],
  "algae": 78.69999999999936,
  "generation": 287,
  "timestamp": "2026-04-04T10:21:35.769037",
  "population": 0
}