{
  "fish": [],
  "food": [],
  "algae": 92.89999999999856,
  "generation": 429,
  "timestamp": "2026-04-09T23:22:46.570291",
  "population": 0
}