{
  "fish": [],
  "food": [],
  "algae": 52.30000000000003,
  "generation": 23,
  "timestamp": "2026-03-25T12:31:23.320936",
  "population": 0
}