{
  "fish": [],
  "food": [],
  "algae": 78.89999999999935,
  "generation": 289,
  "timestamp": "2026-04-04T11:24:32.072513",
  "population": 0
}