{
  "fish": [],
  "food": [],
  "algae": 60.10000000000014,
  "generation": 101,
  "timestamp": "2026-03-28T11:50:38.028522",
  "population": 0
}