{
  "fish": [],
  "food": [],
  "algae": 84.29999999999905,
  "generation": 343,
  "timestamp": "2026-04-05T22:43:44.579408",
  "population": 0
}