{
  "fish": [],
  "food": [],
  "algae": 66.90000000000003,
  "generation": 169,
  "timestamp": "2026-03-30T16:07:40.942696",
  "population": 0
}