{
  "fish": [],
  "food": [],
  "algae": 64.80000000000015,
  "generation": 148,
  "timestamp": "2026-03-29T18:22:23.684687",
  "population": 0
}