{
  "fish": [],
  "food": [],
  "algae": 61.10000000000016,
  "generation": 111,
  "timestamp": "2026-03-28T17:39:20.436957",
  "population": 0
}