{
  "fish": [],
  "food": [],
  "algae": 81.09999999999923,
  "generation": 311,
  "timestamp": "2026-04-04T23:18:16.728478",
  "population": 0
}