{
  "fish": [],
  "food": [],
  "algae": 88.5999999999988,
  "generation": 386,
  "timestamp": "2026-04-07T21:43:43.089461",
  "population": 0
}