{
  "fish": [],
  "food": [],
  "algae": 84.69999999999902,
  "generation": 347,
  "timestamp": "2026-04-06T04:12:43.180876",
  "population": 0
}