{
  "fish": [],
  "food": [],
  "algae": 72.39999999999972,
  "generation": 224,
  "timestamp": "2026-04-01T23:56:56.137855",
  "population": 0
}