{
  "fish": [],
  "food": [],
  "algae": 62.50000000000018,
  "generation": 125,
  "timestamp": "2026-03-29T01:04:39.392199",
  "population": 0
}