{
  "fish": [],
  "food": [],
  "algae": 84.89999999999901,
  "generation": 349,
  "timestamp": "2026-04-06T07:59:11.747102",
  "population": 0
}