{
  "fish": [],
  "food": [],
  "algae": 98.39999999999824,
  "generation": 484,
  "timestamp": "2026-04-11T22:53:28.365935",
  "population": 0
}