{
  "fish": [],
  "food": [],
  "algae": 77.09999999999945,
  "generation": 271,
  "timestamp": "2026-04-03T20:50:05.081755",
  "population": 0
}