{
  "fish": [],
  "food": [],
  "algae": 95.49999999999841,
  "generation": 455,
  "timestamp": "2026-04-11T03:48:10.381787",
  "population": 0
}