{
  "fish": [],
  "food": [],
  "algae": 51.50000000000002,
  "generation": 15,
  "timestamp": "2026-03-25T05:15:09.792537",
  "population": 0
}