{
  "fish": [],
  "food": [],
  "algae": 58.700000000000124,
  "generation": 87,
  "timestamp": "2026-03-27T23:42:01.020530",
  "population": 0
}