{
  "fish": [],
  "food": [],
  "algae": 74.79999999999959,
  "generation": 248,
  "timestamp": "2026-04-02T23:52:16.414813",
  "population": 0
}