{
  "fish": [],
  "food": [],
  "algae": 65.90000000000009,
  "generation": 159,
  "timestamp": "2026-03-30T00:03:06.272881",
  "population": 0
}