{
  "fish": [],
  "food": [],
  "algae": 99.59999999999818,
  "generation": 496,
  "timestamp": "2026-04-12T11:51:01.513819",
  "population": 0
}