{
  "fish": [],
  "food": [],
  "algae": 99.49999999999818,
  "generation": 495,
  "timestamp": "2026-04-12T11:20:43.370504",
  "population": 0
}