{
  "fish": [],
  "food": [],
  "algae": 59.90000000000014,
  "generation": 99,
  "timestamp": "2026-03-28T10:57:47.481420",
  "population": 0
}