{
  "fish": [],
  "food": [],
  "algae": 99.29999999999819,
  "generation": 493,
  "timestamp": "2026-04-12T09:59:44.139903",
  "population": 0
}