{
  "fish": [],
  "food": [],
  "algae": 88.79999999999879,
  "generation": 388,
  "timestamp": "2026-04-07T23:02:23.457249",
  "population": 0
}