{
  "fish": [],
  "food": [],
  "algae": 76.3999999999995,
  "generation": 264,
  "timestamp": "2026-04-03T16:23:41.978868",
  "population": 0
}