{
  "fish": [],
  "food": [],
  "algae": 64.60000000000016,
  "generation": 146,
  "timestamp": "2026-03-29T17:22:30.776495",
  "population": 0
}