{
  "fish": [],
  "food": [],
  "algae": 76.49999999999949,
  "generation": 265,
  "timestamp": "2026-04-03T17:00:36.578177",
  "population": 0
}