{
  "fish": [],
  "food": [],
  "algae": 54.80000000000007,
  "generation": 48,
  "timestamp": "2026-03-26T13:55:54.625579",
  "population": 0
}