{
  "fish": [],
  "food": [],
  "algae": 87.79999999999885,
  "generation": 378,
  "timestamp": "2026-04-07T13:55:32.810204",
  "population": 0
}