{
  "fish": [],
  "food": [],
  "algae": 85.69999999999897,
  "generation": 357,
  "timestamp": "2026-04-06T15:58:55.540647",
  "population": 0
}