{
  "fish": [],
  "food": [],
  "algae": 96.69999999999834,
  "generation": 467,
  "timestamp": "2026-04-11T13:18:14.697214",
  "population": 0
}