{
  "fish": [],
  "food": [],
  "algae": 82.29999999999916,
  "generation": 323,
  "timestamp": "2026-04-05T11:25:51.830242",
  "population": 0
}