{
  "fish": [],
  "food": [],
  "algae": 69.69999999999987,
  "generation": 197,
  "timestamp": "2026-03-31T20:56:06.120397",
  "population": 0
}