{
  "fish": [],
  "food": [],
  "algae": 53.70000000000005,
  "generation": 37,
  "timestamp": "2026-03-25T23:53:50.789915",
  "population": 0
}