{
  "fish": [],
  "food": [],
  "algae": 86.69999999999891,
  "generation": 367,
  "timestamp": "2026-04-06T23:06:17.312286",
  "population": 0
}