{
  "fish": [],
  "food": [],
  "algae": 51.700000000000024,
  "generation": 17,
  "timestamp": "2026-03-25T07:18:49.117980",
  "population": 0
}