{
  "fish": [],
  "food": [],
  "algae": 69.99999999999986,
  "generation": 200,
  "timestamp": "2026-03-31T22:48:28.760906",
  "population": 0
}