{
  "fish": [],
  "food": [],
  "algae": 91.99999999999861,
  "generation": 420,
  "timestamp": "2026-04-09T14:30:11.762108",
  "population": 0
}