{
  "fish": [],
  "food": [],
  "algae": 58.90000000000013,
  "generation": 89,
  "timestamp": "2026-03-28T02:36:23.946459",
  "population": 0
}