{
  "fish": [],
  "food": [],
  "algae": 57.70000000000011,
  "generation": 77,
  "timestamp": "2026-03-27T17:27:04.991451",
  "population": 0
}