{
  "fish": [],
  "food": [],
  "algae": 99.79999999999816,
  "generation": 498,
  "timestamp": "2026-04-12T13:39:39.856187",
  "population": 0
}