{
  "fish": [],
  "food": [],
  "algae": 60.900000000000155,
  "generation": 109,
  "timestamp": "2026-03-28T16:39:51.704926",
  "population": 0
}