{
  "fish": [],
  "food": [],
  "algae": 82.99999999999912,
  "generation": 330,
  "timestamp": "2026-04-05T15:50:06.692854",
  "population": 0
}