{
  "fish": [],
  "food": [],
  "algae": 83.89999999999907,
  "generation": 339,
  "timestamp": "2026-04-05T20:46:26.235683",
  "population": 0
}