{
  "fish": [],
  "food": [],
  "algae": 70.59999999999982,
  "generation": 206,
  "timestamp": "2026-04-01T07:50:30.574768",
  "population": 0
}