{
  "fish": [],
  "food": [],
  "algae": 87.19999999999888,
  "generation": 372,
  "timestamp": "2026-04-07T06:53:25.723002",
  "population": 0
}