{
  "fish": [],
  "food": [],
  "algae": 58.800000000000125,
  "generation": 88,
  "timestamp": "2026-03-28T00:00:10.365371",
  "population": 0
}