{
  "fish": [],
  "food": [],
  "algae": 64.90000000000015,
  "generation": 149,
  "timestamp": "2026-03-29T19:05:35.355993",
  "population": 0
}