{
  "fish": [],
  "food": [],
  "algae": 78.99999999999935,
  "generation": 290,
  "timestamp": "2026-04-04T11:49:19.316132",
  "population": 0
}