{
  "fish": [],
  "food": [],
  "algae": 70.39999999999984,
  "generation": 204,
  "timestamp": "2026-04-01T04:20:01.236667",
  "population": 0
}