{
  "fish": [],
  "food": [],
  "algae": 94.79999999999845,
  "generation": 448,
  "timestamp": "2026-04-10T20:58:27.000997",
  "population": 0
}