{
  "fish": [],
  "food": [],
  "algae": 98.49999999999824,
  "generation": 485,
  "timestamp": "2026-04-11T23:20:19.840719",
  "population": 0
}