{
  "fish": [],
  "food": [],
  "algae": 76.99999999999946,
  "generation": 270,
  "timestamp": "2026-04-03T20:04:39.023085",
  "population": 0
}