{
  "fish": [],
  "food": [],
  "algae": 99.69999999999817,
  "generation": 497,
  "timestamp": "2026-04-12T12:28:40.236970",
  "population": 0
}