{
  "fish": [],
  "food": [],
  "algae": 74.99999999999957,
  "generation": 250,
  "timestamp": "2026-04-03T03:50:22.074848",
  "population": 0
}