{
  "fish": [],
  "food": [],
  "algae": 77.59999999999943,
  "generation": 276,
  "timestamp": "2026-04-03T23:27:09.302401",
  "population": 0
}