{
  "fish": [],
  "food": [],
  "algae": 59.30000000000013,
  "generation": 93,
  "timestamp": "2026-03-28T07:30:59.474348",
  "population": 0
}