{
  "fish": [],
  "food": [],
  "algae": 74.89999999999958,
  "generation": 249,
  "timestamp": "2026-04-03T01:04:17.695819",
  "population": 0
}