{
  "fish": [],
  "food": [],
  "algae": 64.40000000000018,
  "generation": 144,
  "timestamp": "2026-03-29T16:18:10.394722",
  "population": 0
}