{
  "fish": [],
  "food": [],
  "algae": 55.900000000000084,
  "generation": 59,
  "timestamp": "2026-03-26T22:39:00.737330",
  "population": 0
}