{
  "fish": [],
  "food": [],
  "algae": 71.79999999999976,
  "generation": 218,
  "timestamp": "2026-04-01T20:04:46.565042",
  "population": 0
}