{
  "fish": [],
  "food": [],
  "algae": 90.99999999999866,
  "generation": 410,
  "timestamp": "2026-04-08T23:55:19.051549",
  "population": 0
}