{
  "fish": [],
  "food": [],
  "algae": 86.39999999999893,
  "generation": 364,
  "timestamp": "2026-04-06T21:25:30.198039",
  "population": 0
}