{
  "fish": [],
  "food": [],
  "algae": 59.400000000000134,
  "generation": 94,
  "timestamp": "2026-03-28T08:02:09.950308",
  "population": 0
}