{
  "fish": [],
  "food": [],
  "algae": 95.6999999999984,
  "generation": 457,
  "timestamp": "2026-04-11T06:15:21.365971",
  "population": 0
}