{
  "fish": [],
  "food": [],
  "algae": 71.39999999999978,
  "generation": 214,
  "timestamp": "2026-04-01T16:36:42.994350",
  "population": 0
}