{
  "fish": [],
  "food": [],
  "algae": 77.69999999999942,
  "generation": 277,
  "timestamp": "2026-04-03T23:55:47.089148",
  "population": 0
}