{
  "fish": [],
  "food": [],
  "algae": 86.49999999999892,
  "generation": 365,
  "timestamp": "2026-04-06T21:57:08.936067",
  "population": 0
}