{
  "fish": [],
  "food": [],
  "algae": 76.1999999999995,
  "generation": 262,
  "timestamp": "2026-04-03T15:07:26.377621",
  "population": 0
}