{
  "fish": [],
  "food": [],
  "algae": 76.09999999999951,
  "generation": 261,
  "timestamp": "2026-04-03T14:26:50.051653",
  "population": 0
}