{
  "fish": [],
  "food": [],
  "algae": 96.89999999999833,
  "generation": 469,
  "timestamp": "2026-04-11T14:48:16.272124",
  "population": 0
}