{
  "fish": [],
  "food": [],
  "algae": 87.89999999999884,
  "generation": 379,
  "timestamp": "2026-04-07T15:00:29.459986",
  "population": 0
}