{
  "fish": [],
  "food": [],
  "algae": 73.49999999999966,
  "generation": 235,
  "timestamp": "2026-04-02T14:12:34.178789",
  "population": 0
}