{
  "fish": [],
  "food": [],
  "algae": 94.49999999999847,
  "generation": 445,
  "timestamp": "2026-04-10T19:06:39.546242",
  "population": 0
}