{
  "fish": [],
  "food": [],
  "algae": 70.8999999999998,
  "generation": 209,
  "timestamp": "2026-04-01T10:43:53.516697",
  "population": 0
}