{
  "fish": [],
  "food": [],
  "algae": 51.60000000000002,
  "generation": 16,
  "timestamp": "2026-03-25T06:14:50.054661",
  "population": 0
}