{
  "fish": [],
  "food": [],
  "algae": 50.90000000000001,
  "generation": 9,
  "timestamp": "2026-03-24T22:26:19.322723",
  "population": 0
}