{
  "fish": [],
  "food": [],
  "algae": 54.600000000000065,
  "generation": 46,
  "timestamp": "2026-03-26T11:30:23.034673",
  "population": 0
}