{
  "fish": [],
  "food": [],
  "algae": 65.7000000000001,
  "generation": 157,
  "timestamp": "2026-03-29T23:02:12.396548",
  "population": 0
}