{
  "fish": [],
  "food": [],
  "algae": 66.50000000000006,
  "generation": 165,
  "timestamp": "2026-03-30T11:10:00.785846",
  "population": 0
}