{
  "fish": [],
  "food": [],
  "algae": 83.2999999999991,
  "generation": 333,
  "timestamp": "2026-04-05T17:26:46.906430",
  "population": 0
}