{
  "fish": [],
  "food": [],
  "algae": 97.89999999999827,
  "generation": 479,
  "timestamp": "2026-04-11T20:16:56.850535",
  "population": 0
}