{
  "fish": [],
  "food": [],
  "algae": 98.89999999999822,
  "generation": 489,
  "timestamp": "2026-04-12T06:05:06.684066",
  "population": 0
}