{
  "fish": [],
  "food": [],
  "algae": 63.40000000000019,
  "generation": 134,
  "timestamp": "2026-03-29T10:40:47.045805",
  "population": 0
}