{
  "fish": [],
  "food": [],
  "algae": 62.400000000000176,
  "generation": 124,
  "timestamp": "2026-03-28T23:49:18.871345",
  "population": 0
}