{
  "fish": [],
  "food": [],
  "algae": 75.69999999999953,
  "generation": 257,
  "timestamp": "2026-04-03T11:01:51.227915",
  "population": 0
}