{
  "fish": [],
  "food": [],
  "algae": 75.09999999999957,
  "generation": 251,
  "timestamp": "2026-04-03T05:26:32.903420",
  "population": 0
}