{
  "fish": [],
  "food": [],
  "algae": 80.89999999999924,
  "generation": 309,
  "timestamp": "2026-04-04T22:21:02.581278",
  "population": 0
}