{
  "fish": [],
  "food": [],
  "algae": 67.69999999999999,
  "generation": 177,
  "timestamp": "2026-03-30T22:53:08.428119",
  "population": 0
}