{
  "fish": [],
  "food": [],
  "algae": 83.19999999999911,
  "generation": 332,
  "timestamp": "2026-04-05T16:56:56.463929",
  "population": 0
}