{
  "fish": [],
  "food": [],
  "algae": 72.49999999999972,
  "generation": 225,
  "timestamp": "2026-04-02T01:56:29.648487",
  "population": 0
}