{
  "fish": [],
  "food": [],
  "algae": 68.89999999999992,
  "generation": 189,
  "timestamp": "2026-03-31T13:25:54.427612",
  "population": 0
}