{
  "fish": [],
  "food": [],
  "algae": 60.80000000000015,
  "generation": 108,
  "timestamp": "2026-03-28T16:00:01.172990",
  "population": 0
}