{
  "fish": [],
  "food": [],
  "algae": 93.49999999999852,
  "generation": 435,
  "timestamp": "2026-04-10T09:20:39.009092",
  "population": 0
}