{
  "fish": [],
  "food": [],
  "algae": 59.00000000000013,
  "generation": 90,
  "timestamp": "2026-03-28T04:33:11.217067",
  "population": 0
}