{
  "fish": [],
  "food": [],
  "algae": 63.9000000000002,
  "generation": 139,
  "timestamp": "2026-03-29T13:40:34.097866",
  "population": 0
}