{
  "fish": [],
  "food": [],
  "algae": 91.19999999999865,
  "generation": 412,
  "timestamp": "2026-04-09T04:04:47.258645",
  "population": 0
}