{
  "fish": [],
  "food": [],
  "algae": 58.20000000000012,
  "generation": 82,
  "timestamp": "2026-03-27T20:59:27.941036",
  "population": 0
}