{
  "fish": [],
  "food": [],
  "algae": 68.39999999999995,
  "generation": 184,
  "timestamp": "2026-03-31T08:07:33.477363",
  "population": 0
}