{
  "fish": [],
  "food": [],
  "algae": 75.19999999999956,
  "generation": 252,
  "timestamp": "2026-04-03T06:43:42.184252",
  "population": 0
}