{
  "fish": [],
  "food": [],
  "algae": 59.70000000000014,
  "generation": 97,
  "timestamp": "2026-03-28T09:56:36.921915",
  "population": 0
}