{
  "fish": [],
  "food": [],
  "algae": 68.79999999999993,
  "generation": 188,
  "timestamp": "2026-03-31T11:59:30.666451",
  "population": 0
}