{
  "fish": [],
  "food": [],
  "algae": 66.20000000000007,
  "generation": 162,
  "timestamp": "2026-03-30T07:10:02.309729",
  "population": 0
}