{
  "fish": [],
  "food": [],
  "algae": 85.49999999999898,
  "generation": 355,
  "timestamp": "2026-04-06T14:15:13.431316",
  "population": 0
}