{
  "fish": [],
  "food": [],
  "algae": 64.30000000000018,
  "generation": 143,
  "timestamp": "2026-03-29T15:50:31.294606",
  "population": 0
}