{
  "fish": [],
  "food": [],
  "algae": 53.40000000000005,
  "generation": 34,
  "timestamp": "2026-03-25T22:06:51.048879",
  "population": 0
}