{
  "fish": [],
  "food": [],
  "algae": 95.39999999999841,
  "generation": 454,
  "timestamp": "2026-04-11T01:18:27.574858",
  "population": 0
}