{
  "fish": [],
  "food": [],
  "algae": 53.200000000000045,
  "generation": 32,
  "timestamp": "2026-03-25T20:59:14.091395",
  "population": 0
}