{
  "fish": [],
  "food": [],
  "algae": 84.09999999999906,
  "generation": 341,
  "timestamp": "2026-04-05T21:48:32.856101",
  "population": 0
}