{
  "fish": [],
  "food": [],
  "algae": 55.40000000000008,
  "generation": 54,
  "timestamp": "2026-03-26T20:02:32.326139",
  "population": 0
}