{
  "fish": [],
  "food": [],
  "algae": 62.10000000000017,
  "generation": 121,
  "timestamp": "2026-03-28T22:25:35.890855",
  "population": 0
}