{
  "fish": [],
  "food": [],
  "algae": 52.60000000000004,
  "generation": 26,
  "timestamp": "2026-03-25T16:03:01.146262",
  "population": 0
}