{
  "fish": [],
  "food": [],
  "algae": 96.99999999999832,
  "generation": 470,
  "timestamp": "2026-04-11T15:19:32.611205",
  "population": 0
}