{
  "fish": [],
  "food": [],
  "algae": 95.79999999999839,
  "generation": 458,
  "timestamp": "2026-04-11T07:17:51.666796",
  "population": 0
}