{
  "fish": [],
  "food": [],
  "algae": 52.500000000000036,
  "generation": 25,
  "timestamp": "2026-03-25T14:55:59.071208",
  "population": 0
}