{
  "fish": [],
  "food": [],
  "algae": 67.79999999999998,
  "generation": 178,
  "timestamp": "2026-03-30T23:23:27.602382",
  "population": 0
}