{
  "fish": [],
  "food": [],
  "algae": 73.69999999999965,
  "generation": 237,
  "timestamp": "2026-04-02T16:12:42.813638",
  "population": 0
}