{
  "fish": [],
  "food": [],
  "algae": 89.69999999999874,
  "generation": 397,
  "timestamp": "2026-04-08T11:36:11.832317",
  "population": 0
}