{
  "fish": [],
  "food": [],
  "algae": 89.79999999999873,
  "generation": 398,
  "timestamp": "2026-04-08T12:38:29.799700",
  "population": 0
}