{
  "fish": [],
  "food": [],
  "algae": 92.69999999999857,
  "generation": 427,
  "timestamp": "2026-04-09T21:56:10.497230",
  "population": 0
}