{
  "fish": [],
  "food": [],
  "algae": 67.20000000000002,
  "generation": 172,
  "timestamp": "2026-03-30T19:15:27.088243",
  "population": 0
}