{
  "fish": [],
  "food": [],
  "algae": 63.50000000000019,
  "generation": 135,
  "timestamp": "2026-03-29T11:04:21.358004",
  "population": 0
}