{
  "fish": [],
  "food": [],
  "algae": 79.39999999999932,
  "generation": 294,
  "timestamp": "2026-04-04T14:47:41.103603",
  "population": 0
}