{
  "fish": [],
  "food": [],
  "algae": 90.49999999999869,
  "generation": 405,
  "timestamp": "2026-04-08T20:28:41.410552",
  "population": 0
}