{
  "fish": [],
  "food": [],
  "algae": 77.39999999999944,
  "generation": 274,
  "timestamp": "2026-04-03T22:18:41.775095",
  "population": 0
}