{
  "fish": [],
  "food": [],
  "algae": 50.50000000000001,
  "generation": 5,
  "timestamp": "2026-03-24T19:59:44.722341",
  "population": 0
}