{
  "fish": [],
  "food": [],
  "algae": 60.00000000000014,
  "generation": 100,
  "timestamp": "2026-03-28T11:26:39.799278",
  "population": 0
}