{
  "fish": [],
  "food": [],
  "algae": 74.09999999999962,
  "generation": 241,
  "timestamp": "2026-04-02T19:50:43.683295",
  "population": 0
}