{
  "fish": [],
  "food": [],
  "algae": 90.79999999999868,
  "generation": 408,
  "timestamp": "2026-04-08T22:38:26.361016",
  "population": 0
}