{
  "fish": [],
  "food": [],
  "algae": 79.29999999999933,
  "generation": 293,
  "timestamp": "2026-04-04T14:06:11.488759",
  "population": 0
}