{
  "fish": [],
  "food": [],
  "algae": 58.50000000000012,
  "generation": 85,
  "timestamp": "2026-03-27T22:38:35.686320",
  "population": 0
}