{
  "fish": [],
  "food": [],
  "algae": 56.700000000000095,
  "generation": 67,
  "timestamp": "2026-03-27T08:26:40.598322",
  "population": 0
}