{
  "fish": [],
  "food": [],
  "algae": 96.79999999999833,
  "generation": 468,
  "timestamp": "2026-04-11T14:03:00.706128",
  "population": 0
}