{
  "fish": [],
  "food": [],
  "algae": 99.39999999999819,
  "generation": 494,
  "timestamp": "2026-04-12T10:41:53.388031",
  "population": 0
}