{
  "fish": [],
  "food": [],
  "algae": 82.49999999999915,
  "generation": 325,
  "timestamp": "2026-04-05T12:25:24.692368",
  "population": 0
}