{
  "fish": [],
  "food": [],
  "algae": 62.300000000000175,
  "generation": 123,
  "timestamp": "2026-03-28T23:19:03.341399",
  "population": 0
}