{
  "fish": [],
  "food": [],
  "algae": 97.59999999999829,
  "generation": 476,
  "timestamp": "2026-04-11T18:40:43.182492",
  "population": 0
}