{
  "fish": [],
  "food": [],
  "algae": 83.09999999999911,
  "generation": 331,
  "timestamp": "2026-04-05T16:19:17.383804",
  "population": 0
}