{
  "fish": [],
  "food": [],
  "algae": 54.70000000000007,
  "generation": 47,
  "timestamp": "2026-03-26T12:08:32.427843",
  "population": 0
}