{
  "fish": [],
  "food": [],
  "algae": 71.0999999999998,
  "generation": 211,
  "timestamp": "2026-04-01T12:39:19.405092",
  "population": 0
}