{
  "fish": [],
  "food": [],
  "algae": 98.19999999999825,
  "generation": 482,
  "timestamp": "2026-04-11T21:51:08.812271",
  "population": 0
}