{
  "fish": [],
  "food": [],
  "algae": 61.20000000000016,
  "generation": 112,
  "timestamp": "2026-03-28T17:59:19.758440",
  "population": 0
}