{
  "fish": [],
  "food": [],
  "algae": 61.600000000000165,
  "generation": 116,
  "timestamp": "2026-03-28T20:01:41.172151",
  "population": 0
}