{
  "fish": [],
  "food": [],
  "algae": 86.19999999999894,
  "generation": 362,
  "timestamp": "2026-04-06T20:07:42.769187",
  "population": 0
}