{
  "fish": [],
  "food": [],
  "algae": 78.59999999999937,
  "generation": 286,
  "timestamp": "2026-04-04T09:53:57.493837",
  "population": 0
}