{
  "fish": [],
  "food": [],
  "algae": 84.59999999999903,
  "generation": 346,
  "timestamp": "2026-04-06T01:05:21.081602",
  "population": 0
}