{
  "fish": [],
  "food": [],
  "algae": 96.59999999999835,
  "generation": 466,
  "timestamp": "2026-04-11T12:03:13.899249",
  "population": 0
}