{
  "fish": [],
  "food": [],
  "algae": 66.00000000000009,
  "generation": 160,
  "timestamp": "2026-03-30T03:32:19.177906",
  "population": 0
}