{
  "fish": [],
  "food": [],
  "algae": 81.69999999999919,
  "generation": 317,
  "timestamp": "2026-04-05T07:43:44.345285",
  "population": 0
}