{
  "fish": [],
  "food": [],
  "algae": 68.09999999999997,
  "generation": 181,
  "timestamp": "2026-03-31T04:09:24.714640",
  "population": 0
}