{
  "fish": [],
  "food": [],
  "algae": 65.20000000000013,
  "generation": 152,
  "timestamp": "2026-03-29T20:36:26.501098",
  "population": 0
}