{
  "fish": [],
  "food": [],
  "algae": 52.90000000000004,
  "generation": 29,
  "timestamp": "2026-03-25T19:10:45.062922",
  "population": 0
}