{
  "fish": [],
  "food": [],
  "algae": 56.000000000000085,
  "generation": 60,
  "timestamp": "2026-03-26T23:00:15.477271",
  "population": 0
}