{
  "fish": [],
  "food": [],
  "algae": 88.19999999999882,
  "generation": 382,
  "timestamp": "2026-04-07T18:10:06.459218",
  "population": 0
}