{
  "fish": [],
  "food": [],
  "algae": 61.000000000000156,
  "generation": 110,
  "timestamp": "2026-03-28T17:03:20.715951",
  "population": 0
}