{
  "fish": [],
  "food": [],
  "algae": 72.99999999999969,
  "generation": 230,
  "timestamp": "2026-04-02T09:13:49.651743",
  "population": 0
}