{
  "fish": [],
  "food": [],
  "algae": 66.40000000000006,
  "generation": 164,
  "timestamp": "2026-03-30T10:01:06.173899",
  "population": 0
}