{
  "fish": [],
  "food": [],
  "algae": 57.400000000000105,
  "generation": 74,
  "timestamp": "2026-03-27T14:42:23.504702",
  "population": 0
}