{
  "fish": [],
  "food": [],
  "algae": 53.900000000000055,
  "generation": 39,
  "timestamp": "2026-03-26T04:03:12.067943",
  "population": 0
}