{
  "fish": [],
  "food": [],
  "algae": 59.500000000000135,
  "generation": 95,
  "timestamp": "2026-03-28T08:52:44.571373",
  "population": 0
}