{
  "fish": [],
  "food": [],
  "algae": 65.30000000000013,
  "generation": 153,
  "timestamp": "2026-03-29T21:01:05.179006",
  "population": 0
}