{
  "fish": [],
  "food": [],
  "algae": 68.59999999999994,
  "generation": 186,
  "timestamp": "2026-03-31T10:14:42.232258",
  "population": 0
}