{
  "fish": [],
  "food": [],
  "algae": 88.09999999999883,
  "generation": 381,
  "timestamp": "2026-04-07T17:15:43.274468",
  "population": 0
}