{
  "fish": [],
  "food": [],
  "algae": 71.19999999999979,
  "generation": 212,
  "timestamp": "2026-04-01T14:14:02.575398",
  "population": 0
}