{
  "fish": [],
  "food": [],
  "algae": 84.39999999999904,
  "generation": 344,
  "timestamp": "2026-04-05T23:05:12.351527",
  "population": 0
}