{
  "fish": [],
  "food": [],
  "algae": 60.200000000000145,
  "generation": 102,
  "timestamp": "2026-03-28T12:23:24.880536",
  "population": 0
}