{
  "fish": [],
  "food": [],
  "algae": 79.19999999999933,
  "generation": 292,
  "timestamp": "2026-04-04T13:31:08.936652",
  "population": 0
}