{
  "fish": [],
  "food": [],
  "algae": 79.8999999999993,
  "generation": 299,
  "timestamp": "2026-04-04T17:21:10.112892",
  "population": 0
}