{
  "fish": [],
  "food": [],
  "algae": 96.09999999999837,
  "generation": 461,
  "timestamp": "2026-04-11T09:27:21.607137",
  "population": 0
}