{
  "fish": [],
  "food": [],
  "algae": 51.20000000000002,
  "generation": 12,
  "timestamp": "2026-03-24T23:54:31.647921",
  "population": 0
}