{
  "fish": [],
  "food": [],
  "algae": 74.39999999999961,
  "generation": 244,
  "timestamp": "2026-04-02T21:34:17.664904",
  "population": 0
}