{
  "fish": [],
  "food": [],
  "algae": 82.19999999999916,
  "generation": 322,
  "timestamp": "2026-04-05T10:56:42.559116",
  "population": 0
}