{
  "fish": [],
  "food": [],
  "algae": 65.00000000000014,
  "generation": 150,
  "timestamp": "2026-03-29T19:42:14.033043",
  "population": 0
}