{
  "fish": [],
  "food": [],
  "algae": 62.80000000000018,
  "generation": 128,
  "timestamp": "2026-03-29T06:46:56.246885",
  "population": 0
}