{
  "fish": [],
  "food": [],
  "algae": 87.29999999999887,
  "generation": 373,
  "timestamp": "2026-04-07T08:02:27.063630",
  "population": 0
}