{
  "fish": [],
  "food": [],
  "algae": 70.69999999999982,
  "generation": 207,
  "timestamp": "2026-04-01T08:49:37.447737",
  "population": 0
}