{
  "fish": [],
  "food": [],
  "algae": 50.300000000000004,
  "generation": 3,
  "timestamp": "2026-03-24T18:13:03.425141",
  "population": 0
}