{
  "fish": [],
  "food": [],
  "algae": 67.10000000000002,
  "generation": 171,
  "timestamp": "2026-03-30T18:04:30.060987",
  "population": 0
}