{
  "fish": [],
  "food": [],
  "algae": 71.59999999999977,
  "generation": 216,
  "timestamp": "2026-04-01T18:11:03.708344",
  "population": 0
}