{
  "fish": [],
  "food": [],
  "algae": 86.8999999999989,
  "generation": 369,
  "timestamp": "2026-04-07T01:03:39.597070",
  "population": 0
}