{
  "fish": [],
  "food": [],
  "algae": 97.19999999999831,
  "generation": 472,
  "timestamp": "2026-04-11T16:18:31.265858",
  "population": 0
}