{
  "fish": [],
  "food": [],
  "algae": 85.89999999999895,
  "generation": 359,
  "timestamp": "2026-04-06T17:33:42.531146",
  "population": 0
}