{
  "fish": [],
  "food": [],
  "algae": 83.99999999999906,
  "generation": 340,
  "timestamp": "2026-04-05T21:15:59.657071",
  "population": 0
}