{
  "fish": [],
  "food": [],
  "algae": 86.59999999999891,
  "generation": 366,
  "timestamp": "2026-04-06T22:32:46.382615",
  "population": 0
}