{
  "fish": [],
  "food": [],
  "algae": 75.99999999999952,
  "generation": 260,
  "timestamp": "2026-04-03T13:42:17.216635",
  "population": 0
}