{
  "fish": [],
  "food": [],
  "algae": 55.50000000000008,
  "generation": 55,
  "timestamp": "2026-03-26T20:45:53.280855",
  "population": 0
}