{
  "fish": [],
  "food": [],
  "algae": 79.7999999999993,
  "generation": 298,
  "timestamp": "2026-04-04T16:54:33.199577",
  "population": 0
}