{
  "fish": [],
  "food": [],
  "algae": 87.99999999999883,
  "generation": 380,
  "timestamp": "2026-04-07T16:12:47.544455",
  "population": 0
}