{
  "fish": [],
  "food": [],
  "algae": 66.60000000000005,
  "generation": 166,
  "timestamp": "2026-03-30T12:03:46.286056",
  "population": 0
}