{
  "fish": [],
  "food": [],
  "algae": 52.80000000000004,
  "generation": 28,
  "timestamp": "2026-03-25T18:10:27.732207",
  "population": 0
}