{
  "fish": [],
  "food": [],
  "algae": 94.99999999999844,
  "generation": 450,
  "timestamp": "2026-04-10T22:06:09.170647",
  "population": 0
}