{
  "fish": [],
  "food": [],
  "algae": 73.39999999999966,
  "generation": 234,
  "timestamp": "2026-04-02T12:53:01.184116",
  "population": 0
}