{
  "fish": [],
  "food": [],
  "algae": 93.39999999999853,
  "generation": 434,
  "timestamp": "2026-04-10T08:03:30.085008",
  "population": 0
}