{
  "fish": [],
  "food": [],
  "algae": 77.49999999999943,
  "generation": 275,
  "timestamp": "2026-04-03T22:55:45.644697",
  "population": 0
}