{
  "fish": [],
  "food": [],
  "algae": 75.89999999999952,
  "generation": 259,
  "timestamp": "2026-04-03T12:29:02.334549",
  "population": 0
}