{
  "fish": [],
  "food": [],
  "algae": 58.000000000000114,
  "generation": 80,
  "timestamp": "2026-03-27T19:49:31.782370",
  "population": 0
}