{
  "fish": [],
  "food": [],
  "algae": 85.79999999999896,
  "generation": 358,
  "timestamp": "2026-04-06T16:51:11.621496",
  "population": 0
}