{
  "fish": [],
  "food": [],
  "algae": 93.59999999999852,
  "generation": 436,
  "timestamp": "2026-04-10T10:30:36.816438",
  "population": 0
}