{
  "fish": [],
  "food": [],
  "algae": 90.59999999999869,
  "generation": 406,
  "timestamp": "2026-04-08T21:10:39.529607",
  "population": 0
}