{
  "fish": [],
  "food": [],
  "algae": 72.7999999999997,
  "generation": 228,
  "timestamp": "2026-04-02T07:01:07.038818",
  "population": 0
}