{
  "fish": [],
  "food": [],
  "algae": 69.09999999999991,
  "generation": 191,
  "timestamp": "2026-03-31T15:52:44.406087",
  "population": 0
}