{
  "fish": [],
  "food": [],
  "algae": 85.39999999999898,
  "generation": 354,
  "timestamp": "2026-04-06T13:15:40.039255",
  "population": 0
}