{
  "fish": [],
  "food": [],
  "algae": 54.10000000000006,
  "generation": 41,
  "timestamp": "2026-03-26T06:49:26.173947",
  "population": 0
}