{
  "fish": [],
  "food": [],
  "algae": 78.0999999999994,
  "generation": 281,
  "timestamp": "2026-04-04T06:12:34.576835",
  "population": 0
}