{
  "fish": [],
  "food": [],
  "algae": 93.29999999999853,
  "generation": 433,
  "timestamp": "2026-04-10T06:23:28.802010",
  "population": 0
}