{
  "fish": [],
  "food": [],
  "algae": 58.30000000000012,
  "generation": 83,
  "timestamp": "2026-03-27T21:38:24.299606",
  "population": 0
}