{
  "fish": [],
  "food": [],
  "algae": 52.00000000000003,
  "generation": 20,
  "timestamp": "2026-03-25T10:01:58.739799",
  "population": 0
}