{
  "fish": [],
  "food": [],
  "algae": 52.10000000000003,
  "generation": 21,
  "timestamp": "2026-03-25T10:58:01.405274",
  "population": 0
}