{
  "fish": [],
  "food": [],
  "algae": 79.59999999999931,
  "generation": 296,
  "timestamp": "2026-04-04T15:47:57.827677",
  "population": 0
}