{
  "fish": [],
  "food": [],
  "algae": 61.700000000000166,
  "generation": 117,
  "timestamp": "2026-03-28T20:41:12.382697",
  "population": 0
}