{
  "fish": [],
  "food": [],
  "algae": 65.50000000000011,
  "generation": 155,
  "timestamp": "2026-03-29T21:59:34.581623",
  "population": 0
}