{
  "fish": [],
  "food": [],
  "algae": 57.50000000000011,
  "generation": 75,
  "timestamp": "2026-03-27T15:32:08.616355",
  "population": 0
}