{
  "fish": [],
  "food": [],
  "algae": 58.60000000000012,
  "generation": 86,
  "timestamp": "2026-03-27T23:04:23.899841",
  "population": 0
}