{
  "fish": [],
  "food": [],
  "algae": 72.29999999999973,
  "generation": 223,
  "timestamp": "2026-04-01T23:28:37.040715",
  "population": 0
}