{
  "fish": [],
  "food": [],
  "algae": 81.89999999999918,
  "generation": 319,
  "timestamp": "2026-04-05T09:03:58.411347",
  "population": 0
}