{
  "fish": [],
  "food": [],
  "algae": 69.79999999999987,
  "generation": 198,
  "timestamp": "2026-03-31T21:33:15.616619",
  "population": 0
}