{
  "fish": [],
  "food": [],
  "algae": 62.00000000000017,
  "generation": 120,
  "timestamp": "2026-03-28T21:57:11.202633",
  "population": 0
}