{
  "fish": [],
  "food": [],
  "algae": 89.89999999999873,
  "generation": 399,
  "timestamp": "2026-04-08T14:12:12.723129",
  "population": 0
}