{
  "fish": [],
  "food": [],
  "algae": 55.00000000000007,
  "generation": 50,
  "timestamp": "2026-03-26T16:10:45.870804",
  "population": 0
}