{
  "fish": [],
  "food": [],
  "algae": 85.99999999999895,
  "generation": 360,
  "timestamp": "2026-04-06T18:33:12.800252",
  "population": 0
}