{
  "fish": [],
  "food": [],
  "algae": 79.99999999999929,
  "generation": 300,
  "timestamp": "2026-04-04T17:52:12.556667",
  "population": 0
}