{
  "fish": [],
  "food": [],
  "algae": 62.60000000000018,
  "generation": 126,
  "timestamp": "2026-03-29T04:07:38.549625",
  "population": 0
}