{
  "fish": [],
  "food": [],
  "algae": 62.20000000000017,
  "generation": 122,
  "timestamp": "2026-03-28T22:54:04.268286",
  "population": 0
}