{
  "fish": [],
  "food": [],
  "algae": 50.70000000000001,
  "generation": 7,
  "timestamp": "2026-03-24T21:23:43.216562",
  "population": 0
}