{
  "fish": [],
  "food": [],
  "algae": 57.300000000000104,
  "generation": 73,
  "timestamp": "2026-03-27T13:52:16.974225",
  "population": 0
}