{
  "fish": [],
  "food": [],
  "algae": 58.40000000000012,
  "generation": 84,
  "timestamp": "2026-03-27T22:00:24.477826",
  "population": 0
}