{
  "fish": [],
  "food": [],
  "algae": 68.69999999999993,
  "generation": 187,
  "timestamp": "2026-03-31T11:11:36.079392",
  "population": 0
}