{
  "fish": [],
  "food": [],
  "algae": 98.99999999999821,
  "generation": 490,
  "timestamp": "2026-04-12T07:39:58.880724",
  "population": 0
}