{
  "fish": [],
  "food": [],
  "algae": 75.39999999999955,
  "generation": 254,
  "timestamp": "2026-04-03T08:34:47.498503",
  "population": 0
}