{
  "fish": [],
  "food": [],
  "algae": 76.79999999999947,
  "generation": 268,
  "timestamp": "2026-04-03T19:01:31.760401",
  "population": 0
}