{
  "fish": [],
  "food": [],
  "algae": 56.9000000000001,
  "generation": 69,
  "timestamp": "2026-03-27T10:06:22.475530",
  "population": 0
}