{
  "fish": [],
  "food": [],
  "algae": 60.60000000000015,
  "generation": 106,
  "timestamp": "2026-03-28T15:03:24.185221",
  "population": 0
}