{
  "fish": [],
  "food": [],
  "algae": 91.09999999999866,
  "generation": 411,
  "timestamp": "2026-04-09T01:18:38.123065",
  "population": 0
}