{
  "fish": [],
  "food": [],
  "algae": 81.79999999999919,
  "generation": 318,
  "timestamp": "2026-04-05T08:24:06.874895",
  "population": 0
}