{
  "fish": [],
  "food": [],
  "algae": 90.19999999999871,
  "generation": 402,
  "timestamp": "2026-04-08T17:47:25.776384",
  "population": 0
}