{
  "fish": [],
  "food": [],
  "algae": 51.000000000000014,
  "generation": 10,
  "timestamp": "2026-03-24T22:56:47.955053",
  "population": 0
}