{
  "fish": [],
  "food": [],
  "algae": 70.19999999999985,
  "generation": 202,
  "timestamp": "2026-03-31T23:51:41.816903",
  "population": 0
}