{
  "fish": [],
  "food": [],
  "algae": 77.89999999999941,
  "generation": 279,
  "timestamp": "2026-04-04T03:45:16.564670",
  "population": 0
}