{
  "fish": [],
  "food": [],
  "algae": 53.50000000000005,
  "generation": 35,
  "timestamp": "2026-03-25T22:52:44.732251",
  "population": 0
}