{
  "fish": [],
  "food": [],
  "algae": 67.99999999999997,
  "generation": 180,
  "timestamp": "2026-03-31T01:22:26.627860",
  "population": 0
}