{
  "fish": [],
  "food": [],
  "algae": 75.59999999999954,
  "generation": 256,
  "timestamp": "2026-04-03T10:09:58.599306",
  "population": 0
}