{
  "fish": [],
  "food": [],
  "algae": 80.29999999999927,
  "generation": 303,
  "timestamp": "2026-04-04T19:39:45.656431",
  "population": 0
}