{
  "fish": [],
  "food": [],
  "algae": 63.000000000000185,
  "generation": 130,
  "timestamp": "2026-03-29T08:05:02.971812",
  "population": 0
}