{
  "fish": [],
  "food": [],
  "algae": 62.70000000000018,
  "generation": 127,
  "timestamp": "2026-03-29T05:49:18.803190",
  "population": 0
}