{
  "fish": [],
  "food": [],
  "algae": 96.19999999999837,
  "generation": 462,
  "timestamp": "2026-04-11T10:03:27.784660",
  "population": 0
}