{
  "fish": [],
  "food": [],
  "algae": 91.89999999999861,
  "generation": 419,
  "timestamp": "2026-04-09T12:48:07.513781",
  "population": 0
}