{
  "fish": [],
  "food": [],
  "algae": 99.99999999999815,
  "generation": 500,
  "timestamp": "2026-04-12T15:00:59.980182",
  "population": 0
}