{
  "fish": [],
  "food": [],
  "algae": 82.69999999999914,
  "generation": 327,
  "timestamp": "2026-04-05T14:07:31.751548",
  "population": 0
}