{
  "fish": [],
  "food": [],
  "algae": 83.69999999999908,
  "generation": 337,
  "timestamp": "2026-04-05T19:48:37.855618",
  "population": 0
}