{
  "fish": [],
  "food": [],
  "algae": 80.39999999999927,
  "generation": 304,
  "timestamp": "2026-04-04T19:57:50.779349",
  "population": 0
}