{
  "fish": [],
  "food": [],
  "algae": 72.59999999999971,
  "generation": 226,
  "timestamp": "2026-04-02T04:26:07.023842",
  "population": 0
}