{
  "fish": [],
  "food": [],
  "algae": 81.19999999999922,
  "generation": 312,
  "timestamp": "2026-04-04T23:48:57.400707",
  "population": 0
}