{
  "fish": [],
  "food": [],
  "algae": 72.8999999999997,
  "generation": 229,
  "timestamp": "2026-04-02T08:11:09.972926",
  "population": 0
}