{
  "fish": [],
  "food": [],
  "algae": 81.29999999999922,
  "generation": 313,
  "timestamp": "2026-04-05T01:05:20.823814",
  "population": 0
}