{
  "fish": [],
  "food": [],
  "algae": 94.69999999999845,
  "generation": 447,
  "timestamp": "2026-04-10T20:20:32.961875",
  "population": 0
}