{
  "fish": [],
  "food": [],
  "algae": 70.49999999999983,
  "generation": 205,
  "timestamp": "2026-04-01T06:06:28.700036",
  "population": 0
}