{
  "fish": [],
  "food": [],
  "algae": 71.89999999999975,
  "generation": 219,
  "timestamp": "2026-04-01T20:57:58.878795",
  "population": 0
}