{
  "fish": [],
  "food": [],
  "algae": 78.29999999999939,
  "generation": 283,
  "timestamp": "2026-04-04T07:56:52.281322",
  "population": 0
}