{
  "fish": [],
  "food": [],
  "algae": 92.39999999999858,
  "generation": 424,
  "timestamp": "2026-04-09T19:36:06.262576",
  "population": 0
}