{
  "fish": [],
  "food": [],
  "algae": 56.600000000000094,
  "generation": 66,
  "timestamp": "2026-03-27T07:35:51.912733",
  "population": 0
}