{
  "fish": [],
  "food": [],
  "algae": 51.30000000000002,
  "generation": 13,
  "timestamp": "2026-03-25T01:10:06.434212",
  "population": 0
}