{
  "fish": [],
  "food": [],
  "algae": 74.4999999999996,
  "generation": 245,
  "timestamp": "2026-04-02T22:04:29.480422",
  "population": 0
}