{
  "fish": [],
  "food": [],
  "algae": 96.29999999999836,
  "generation": 463,
  "timestamp": "2026-04-11T10:48:43.591473",
  "population": 0
}