{
  "fish": [],
  "food": [],
  "algae": 69.39999999999989,
  "generation": 194,
  "timestamp": "2026-03-31T18:37:12.939223",
  "population": 0
}