{
  "fish": [],
  "food": [],
  "algae": 70.9999999999998,
  "generation": 210,
  "timestamp": "2026-04-01T11:37:35.216875",
  "population": 0
}