{
  "fish": [],
  "food": [],
  "algae": 78.39999999999938,
  "generation": 284,
  "timestamp": "2026-04-04T08:35:57.600441",
  "population": 0
}