{
  "fish": [],
  "food": [],
  "algae": 88.89999999999878,
  "generation": 389,
  "timestamp": "2026-04-07T23:49:13.205598",
  "population": 0
}