{
  "fish": [],
  "food": [],
  "algae": 92.1999999999986,
  "generation": 422,
  "timestamp": "2026-04-09T17:17:42.494335",
  "population": 0
}