{
  "fish": [],
  "food": [],
  "algae": 86.7999999999989,
  "generation": 368,
  "timestamp": "2026-04-06T23:48:55.269667",
  "population": 0
}