{
  "fish": [],
  "food": [],
  "algae": 88.39999999999881,
  "generation": 384,
  "timestamp": "2026-04-07T20:03:48.421156",
  "population": 0
}