{
  "fish": [],
  "food": [],
  "algae": 93.19999999999854,
  "generation": 432,
  "timestamp": "2026-04-10T04:50:35.788262",
  "population": 0
}