{
  "fish": [],
  "food": [],
  "algae": 60.70000000000015,
  "generation": 107,
  "timestamp": "2026-03-28T15:40:34.056184",
  "population": 0
}