{
  "fish": [],
  "food": [],
  "algae": 65.40000000000012,
  "generation": 154,
  "timestamp": "2026-03-29T21:39:54.731731",
  "population": 0
}