{
  "fish": [],
  "food": [],
  "algae": 54.40000000000006,
  "generation": 44,
  "timestamp": "2026-03-26T09:40:02.921681",
  "population": 0
}