{
  "fish": [],
  "food": [],
  "algae": 80.69999999999925,
  "generation": 307,
  "timestamp": "2026-04-04T21:30:28.632876",
  "population": 0
}