{
  "fish": [],
  "food": [],
  "algae": 63.20000000000019,
  "generation": 132,
  "timestamp": "2026-03-29T09:27:40.719392",
  "population": 0
}