{
  "fish": [],
  "food": [],
  "algae": 67.00000000000003,
  "generation": 170,
  "timestamp": "2026-03-30T17:09:46.805974",
  "population": 0
}