{
  "fish": [],
  "food": [],
  "algae": 82.79999999999913,
  "generation": 328,
  "timestamp": "2026-04-05T14:51:18.766398",
  "population": 0
}