{
  "fish": [],
  "food": [],
  "algae": 94.89999999999844,
  "generation": 449,
  "timestamp": "2026-04-10T21:37:31.897493",
  "population": 0
}