{
  "fish": [],
  "food": [],
  "algae": 56.30000000000009,
  "generation": 63,
  "timestamp": "2026-03-27T02:54:18.335164",
  "population": 0
}