{
  "fish": [],
  "food": [],
  "algae": 70.29999999999984,
  "generation": 203,
  "timestamp": "2026-04-01T01:10:47.410342",
  "population": 0
}