{
  "fish": [],
  "food": [],
  "algae": 62.90000000000018,
  "generation": 129,
  "timestamp": "2026-03-29T07:40:02.315039",
  "population": 0
}