{
  "fish": [],
  "food": [],
  "algae": 88.29999999999882,
  "generation": 383,
  "timestamp": "2026-04-07T19:21:01.573456",
  "population": 0
}