{
  "fish": [],
  "food": [],
  "algae": 75.29999999999956,
  "generation": 253,
  "timestamp": "2026-04-03T07:47:30.171923",
  "population": 0
}