{
  "fish": [],
  "food": [],
  "algae": 56.20000000000009,
  "generation": 62,
  "timestamp": "2026-03-27T00:00:45.778590",
  "population": 0
}