{
  "fish": [],
  "food": [],
  "algae": 64.0000000000002,
  "generation": 140,
  "timestamp": "2026-03-29T14:19:02.553185",
  "population": 0
}