{
  "fish": [],
  "food": [],
  "algae": 73.59999999999965,
  "generation": 236,
  "timestamp": "2026-04-02T15:15:26.061850",
  "population": 0
}