{
  "fish": [],
  "food": [],
  "algae": 55.300000000000075,
  "generation": 53,
  "timestamp": "2026-03-26T19:32:03.855026",
  "population": 0
}