{
  "fish": [],
  "food": [],
  "algae": 99.0999999999982,
  "generation": 491,
  "timestamp": "2026-04-12T08:27:55.029829",
  "population": 0
}