{
  "fish": [],
  "food": [],
  "algae": 53.100000000000044,
  "generation": 31,
  "timestamp": "2026-03-25T20:25:10.025723",
  "population": 0
}