{
  "fish": [],
  "food": [],
  "algae": 85.099999999999,
  "generation": 351,
  "timestamp": "2026-04-06T10:19:47.034802",
  "population": 0
}