{
  "fish": [],
  "food": [],
  "algae": 88.99999999999878,
  "generation": 390,
  "timestamp": "2026-04-08T01:05:37.652539",
  "population": 0
}