{
  "fish": [],
  "food": [],
  "algae": 89.09999999999877,
  "generation": 391,
  "timestamp": "2026-04-08T04:05:00.250103",
  "population": 0
}