{
  "fish": [],
  "food": [],
  "algae": 82.59999999999914,
  "generation": 326,
  "timestamp": "2026-04-05T13:33:24.511928",
  "population": 0
}