{
  "fish": [],
  "food": [],
  "algae": 55.200000000000074,
  "generation": 52,
  "timestamp": "2026-03-26T18:12:27.887858",
  "population": 0
}