{
  "fish": [],
  "food": [],
  "algae": 98.59999999999823,
  "generation": 486,
  "timestamp": "2026-04-11T23:53:37.318954",
  "population": 0
}