{
  "fish": [],
  "food": [],
  "algae": 89.39999999999876,
  "generation": 394,
  "timestamp": "2026-04-08T08:16:32.446684",
  "population": 0
}