{
  "fish": [],
  "food": [],
  "algae": 77.9999999999994,
  "generation": 280,
  "timestamp": "2026-04-04T05:13:30.139722",
  "population": 0
}