{
  "fish": [],
  "food": [],
  "algae": 51.100000000000016,
  "generation": 11,
  "timestamp": "2026-03-24T23:27:48.388356",
  "population": 0
}