{
  "fish": [],
  "food": [],
  "algae": 63.30000000000019,
  "generation": 133,
  "timestamp": "2026-03-29T10:00:41.657682",
  "population": 0
}