{
  "fish": [],
  "food": [],
  "algae": 76.69999999999948,
  "generation": 267,
  "timestamp": "2026-04-03T18:05:32.657557",
  "population": 0
}