{
  "fish": [],
  "food": [],
  "algae": 94.09999999999849,
  "generation": 441,
  "timestamp": "2026-04-10T15:29:04.948967",
  "population": 0
}