{
  "fish": [],
  "food": [],
  "algae": 97.09999999999832,
  "generation": 471,
  "timestamp": "2026-04-11T15:50:09.274294",
  "population": 0
}