{
  "fish": [],
  "food": [],
  "algae": 58.100000000000115,
  "generation": 81,
  "timestamp": "2026-03-27T20:21:18.227988",
  "population": 0
}