{
  "fish": [],
  "food": [],
  "algae": 90.89999999999867,
  "generation": 409,
  "timestamp": "2026-04-08T23:22:30.702213",
  "population": 0
}