{
  "fish": [],
  "food": [],
  "algae": 79.49999999999932,
  "generation": 295,
  "timestamp": "2026-04-04T15:16:31.894598",
  "population": 0
}