{
  "fish": [],
  "food": [],
  "algae": 95.99999999999838,
  "generation": 460,
  "timestamp": "2026-04-11T08:49:49.966121",
  "population": 0
}