{
  "fish": [],
  "food": [],
  "algae": 50.80000000000001,
  "generation": 8,
  "timestamp": "2026-03-24T21:57:02.239985",
  "population": 0
}