{
  "fish": [],
  "food": [],
  "algae": 68.99999999999991,
  "generation": 190,
  "timestamp": "2026-03-31T14:45:26.400821",
  "population": 0
}