{
  "fish": [],
  "food": [],
  "algae": 76.59999999999948,
  "generation": 266,
  "timestamp": "2026-04-03T17:39:15.139228",
  "population": 0
}