{
  "fish": [],
  "food": [],
  "algae": 91.79999999999862,
  "generation": 418,
  "timestamp": "2026-04-09T11:45:21.865895",
  "population": 0
}