{
  "fish": [],
  "food": [],
  "algae": 91.29999999999865,
  "generation": 413,
  "timestamp": "2026-04-09T05:54:29.067055",
  "population": 0
}