{
  "fish": [],
  "food": [],
  "algae": 99.89999999999816,
  "generation": 499,
  "timestamp": "2026-04-12T14:23:13.761348",
  "population": 0
}