{
  "fish": [],
  "food": [],
  "algae": 98.79999999999822,
  "generation": 488,
  "timestamp": "2026-04-12T04:19:00.903804",
  "population": 0
}