{
  "fish": [],
  "food": [],
  "algae": 57.2000000000001,
  "generation": 72,
  "timestamp": "2026-03-27T12:31:29.997708",
  "population": 0
}