{
  "fish": [],
  "food": [],
  "algae": 95.19999999999843,
  "generation": 452,
  "timestamp": "2026-04-10T23:22:30.369616",
  "population": 0
}