{
  "fish": [],
  "food": [],
  "algae": 53.30000000000005,
  "generation": 33,
  "timestamp": "2026-03-25T21:41:35.117361",
  "population": 0
}