{
  "fish": [],
  "food": [],
  "algae": 64.1000000000002,
  "generation": 141,
  "timestamp": "2026-03-29T14:56:05.548025",
  "population": 0
}