{
  "fish": [],
  "food": [],
  "algae": 52.400000000000034,
  "generation": 24,
  "timestamp": "2026-03-25T13:57:11.220903",
  "population": 0
}