{
  "fish": [],
  "food": [],
  "algae": 90.09999999999872,
  "generation": 401,
  "timestamp": "2026-04-08T16:44:50.401303",
  "population": 0
}