{
  "fish": [],
  "food": [],
  "algae": 66.10000000000008,
  "generation": 161,
  "timestamp": "2026-03-30T05:38:37.743288",
  "population": 0
}