{
  "fish": [],
  "food": [],
  "algae": 97.4999999999983,
  "generation": 475,
  "timestamp": "2026-04-11T17:57:38.412192",
  "population": 0
}