{
  "fish": [],
  "food": [],
  "algae": 55.70000000000008,
  "generation": 57,
  "timestamp": "2026-03-26T21:47:39.362194",
  "population": 0
}