{
  "fish": [],
  "food": [],
  "algae": 57.80000000000011,
  "generation": 78,
  "timestamp": "2026-03-27T18:10:15.189745",
  "population": 0
}