{
  "fish": [],
  "food": [],
  "algae": 86.99999999999889,
  "generation": 370,
  "timestamp": "2026-04-07T03:53:19.233412",
  "population": 0
}