{
  "fish": [],
  "food": [],
  "algae": 85.59999999999897,
  "generation": 356,
  "timestamp": "2026-04-06T15:06:53.689526",
  "population": 0
}