{
  "fish": [],
  "food": [],
  "algae": 55.10000000000007,
  "generation": 51,
  "timestamp": "2026-03-26T17:18:05.284649",
  "population": 0
}