{
  "fish": [],
  "food": [],
  "algae": 69.2999999999999,
  "generation": 193,
  "timestamp": "2026-03-31T17:41:17.876756",
  "population": 0
}