{
  "fish": [],
  "food": [],
  "algae": 98.09999999999826,
  "generation": 481,
  "timestamp": "2026-04-11T21:19:47.641603",
  "population": 0
}