{
  "fish": [],
  "food": [],
  "algae": 91.59999999999863,
  "generation": 416,
  "timestamp": "2026-04-09T09:56:47.793108",
  "population": 0
}