{
  "fish": [],
  "food": [],
  "algae": 73.09999999999968,
  "generation": 231,
  "timestamp": "2026-04-02T10:11:23.122483",
  "population": 0
}