{
  "fish": [],
  "food": [],
  "algae": 95.89999999999839,
  "generation": 459,
  "timestamp": "2026-04-11T07:59:27.190957",
  "population": 0
}