{
  "fish": [],
  "food": [],
  "algae": 66.30000000000007,
  "generation": 163,
  "timestamp": "2026-03-30T08:46:35.029098",
  "population": 0
}