{
  "fish": [],
  "food": [],
  "algae": 83.59999999999908,
  "generation": 336,
  "timestamp": "2026-04-05T19:11:52.843508",
  "population": 0
}