{
  "fish": [],
  "food": [],
  "algae": 92.79999999999856,
  "generation": 428,
  "timestamp": "2026-04-09T22:35:02.200726",
  "population": 0
}