{
  "fish": [],
  "food": [],
  "algae": 75.49999999999955,
  "generation": 255,
  "timestamp": "2026-04-03T09:32:26.281429",
  "population": 0
}