{
  "fish": [],
  "food": [],
  "algae": 53.00000000000004,
  "generation": 30,
  "timestamp": "2026-03-25T19:53:21.176261",
  "population": 0
}