{
  "fish": [],
  "food": [],
  "algae": 63.700000000000195,
  "generation": 137,
  "timestamp": "2026-03-29T11:57:18.361106",
  "population": 0
}