{
  "fish": [],
  "food": [],
  "algae": 68.29999999999995,
  "generation": 183,
  "timestamp": "2026-03-31T06:57:48.401336",
  "population": 0
}