{
  "fish": [],
  "food": [],
  "algae": 97.79999999999828,
  "generation": 478,
  "timestamp": "2026-04-11T19:53:07.913887",
  "population": 0
}