{
  "fish": [],
  "food": [],
  "algae": 79.09999999999934,
  "generation": 291,
  "timestamp": "2026-04-04T12:23:29.066524",
  "population": 0
}