{
  "fish": [],
  "food": [],
  "algae": 69.59999999999988,
  "generation": 196,
  "timestamp": "2026-03-31T20:08:24.314542",
  "population": 0
}