{
  "fish": [],
  "food": [],
  "algae": 85.29999999999899,
  "generation": 353,
  "timestamp": "2026-04-06T11:59:11.460452",
  "population": 0
}