{
  "fish": [],
  "food": [],
  "algae": 93.69999999999851,
  "generation": 437,
  "timestamp": "2026-04-10T11:27:04.012155",
  "population": 0
}