{
  "fish": [],
  "food": [],
  "algae": 94.39999999999847,
  "generation": 444,
  "timestamp": "2026-04-10T18:01:43.474536",
  "population": 0
}