{
  "fish": [],
  "food": [],
  "algae": 77.29999999999944,
  "generation": 273,
  "timestamp": "2026-04-03T21:52:14.430460",
  "population": 0
}