{
  "fish": [],
  "food": [],
  "algae": 66.80000000000004,
  "generation": 168,
  "timestamp": "2026-03-30T14:59:24.559995",
  "population": 0
}