{
  "fish": [],
  "food": [],
  "algae": 50.60000000000001,
  "generation": 6,
  "timestamp": "2026-03-24T20:46:46.497615",
  "population": 0
}