{
  "fish": [],
  "food": [],
  "algae": 77.19999999999945,
  "generation": 272,
  "timestamp": "2026-04-03T21:19:36.379751",
  "population": 0
}