{
  "fish": [],
  "food": [],
  "algae": 65.10000000000014,
  "generation": 151,
  "timestamp": "2026-03-29T19:59:25.552570",
  "population": 0
}