{
  "fish": [],
  "food": [],
  "algae": 50.400000000000006,
  "generation": 4,
  "timestamp": "2026-03-24T19:21:26.078645",
  "population": 0
}