{
  "fish": [],
  "food": [],
  "algae": 81.39999999999921,
  "generation": 314,
  "timestamp": "2026-04-05T04:07:25.279649",
  "population": 0
}