{
  "fish": [],
  "food": [],
  "algae": 53.800000000000054,
  "generation": 38,
  "timestamp": "2026-03-26T01:07:08.647435",
  "population": 0
}