{
  "fish": [],
  "food": [],
  "algae": 84.49999999999903,
  "generation": 345,
  "timestamp": "2026-04-05T23:47:07.300332",
  "population": 0
}