{
  "fish": [],
  "food": [],
  "algae": 93.09999999999854,
  "generation": 431,
  "timestamp": "2026-04-10T02:00:12.925294",
  "population": 0
}