{
  "fish": [],
  "food": [],
  "algae": 57.1000000000001,
  "generation": 71,
  "timestamp": "2026-03-27T11:49:05.021053",
  "population": 0
}