{
  "fish": [],
  "food": [],
  "algae": 80.79999999999924,
  "generation": 308,
  "timestamp": "2026-04-04T21:55:38.387475",
  "population": 0
}