{
  "fish": [],
  "food": [],
  "algae": 77.79999999999941,
  "generation": 278,
  "timestamp": "2026-04-04T01:24:46.580475",
  "population": 0
}