{
  "fish": [],
  "food": [],
  "algae": 93.9999999999985,
  "generation": 440,
  "timestamp": "2026-04-10T14:37:12.901453",
  "population": 0
}