{
  "fish": [],
  "food": [],
  "algae": 80.59999999999926,
  "generation": 306,
  "timestamp": "2026-04-04T20:58:04.613527",
  "population": 0
}