{
  "fish": [],
  "food": [],
  "algae": 71.69999999999976,
  "generation": 217,
  "timestamp": "2026-04-01T19:20:41.589827",
  "population": 0
}