{
  "fish": [],
  "food": [],
  "algae": 51.40000000000002,
  "generation": 14,
  "timestamp": "2026-03-25T03:45:32.130588",
  "population": 0
}