{
  "fish": [],
  "food": [],
  "algae": 74.19999999999962,
  "generation": 242,
  "timestamp": "2026-04-02T20:20:43.078944",
  "population": 0
}