{
  "fish": [],
  "food": [],
  "algae": 73.19999999999968,
  "generation": 232,
  "timestamp": "2026-04-02T11:08:59.976291",
  "population": 0
}