{
  "fish": [],
  "food": [],
  "algae": 65.8000000000001,
  "generation": 158,
  "timestamp": "2026-03-29T23:42:27.869362",
  "population": 0
}