{
  "fish": [],
  "food": [],
  "algae": 87.49999999999886,
  "generation": 375,
  "timestamp": "2026-04-07T10:17:10.330813",
  "population": 0
}