{
  "fish": [],
  "food": [],
  "algae": 92.59999999999857,
  "generation": 426,
  "timestamp": "2026-04-09T21:08:38.432942",
  "population": 0
}