{
  "fish": [],
  "food": [],
  "algae": 71.49999999999977,
  "generation": 215,
  "timestamp": "2026-04-01T17:32:07.924758",
  "population": 0
}