{
  "fish": [],
  "food": [],
  "algae": 69.1999999999999,
  "generation": 192,
  "timestamp": "2026-03-31T16:43:54.383666",
  "population": 0
}