{
  "fish": [],
  "food": [],
  "algae": 78.79999999999936,
  "generation": 288,
  "timestamp": "2026-04-04T10:56:15.085084",
  "population": 0
}