{
  "fish": [],
  "food": [],
  "algae": 84.19999999999905,
  "generation": 342,
  "timestamp": "2026-04-05T22:03:09.342537",
  "population": 0
}