{
  "fish": [],
  "food": [],
  "algae": 97.99999999999827,
  "generation": 480,
  "timestamp": "2026-04-11T20:52:44.641900",
  "population": 0
}