{
  "fish": [],
  "food": [],
  "algae": 76.89999999999947,
  "generation": 269,
  "timestamp": "2026-04-03T19:43:11.633386",
  "population": 0
}