{
  "fish": [],
  "food": [],
  "algae": 67.89999999999998,
  "generation": 179,
  "timestamp": "2026-03-30T23:54:59.385306",
  "population": 0
}