{
  "fish": [],
  "food": [],
  "algae": 96.39999999999836,
  "generation": 464,
  "timestamp": "2026-04-11T11:17:38.928068",
  "population": 0
}