{
  "fish": [],
  "food": [],
  "algae": 78.49999999999937,
  "generation": 285,
  "timestamp": "2026-04-04T09:10:30.547995",
  "population": 0
}