{
  "fish": [],
  "food": [],
  "algae": 97.3999999999983,
  "generation": 474,
  "timestamp": "2026-04-11T17:28:21.355647",
  "population": 0
}