{
  "fish": [],
  "food": [],
  "algae": 52.20000000000003,
  "generation": 22,
  "timestamp": "2026-03-25T11:41:02.936159",
  "population": 0
}