{
  "fish": [],
  "food": [],
  "algae": 89.19999999999877,
  "generation": 392,
  "timestamp": "2026-04-08T05:53:36.238784",
  "population": 0
}