{
  "fish": [],
  "food": [],
  "algae": 96.49999999999835,
  "generation": 465,
  "timestamp": "2026-04-11T11:47:41.745905",
  "population": 0
}