{
  "fish": [],
  "food": [],
  "algae": 54.00000000000006,
  "generation": 40,
  "timestamp": "2026-03-26T05:45:47.585869",
  "population": 0
}