{
  "fish": [],
  "food": [],
  "algae": 72.19999999999973,
  "generation": 222,
  "timestamp": "2026-04-01T22:55:20.223063",
  "population": 0
}