{
  "fish": [],
  "food": [],
  "algae": 65.60000000000011,
  "generation": 156,
  "timestamp": "2026-03-29T22:34:47.574055",
  "population": 0
}