{
  "fish": [],
  "food": [],
  "algae": 63.100000000000186,
  "generation": 131,
  "timestamp": "2026-03-29T08:54:53.670124",
  "population": 0
}