{
  "fish": [],
  "food": [],
  "algae": 73.99999999999963,
  "generation": 240,
  "timestamp": "2026-04-02T18:58:07.203033",
  "population": 0
}