{
  "fish": [],
  "food": [],
  "algae": 94.59999999999846,
  "generation": 446,
  "timestamp": "2026-04-10T19:50:58.451743",
  "population": 0
}