{
  "fish": [],
  "food": [],
  "algae": 61.50000000000016,
  "generation": 115,
  "timestamp": "2026-03-28T19:47:15.017639",
  "population": 0
}