{
  "fish": [],
  "food": [],
  "algae": 74.69999999999959,
  "generation": 247,
  "timestamp": "2026-04-02T23:18:45.195194",
  "population": 0
}