{
  "fish": [],
  "food": [],
  "algae": 68.19999999999996,
  "generation": 182,
  "timestamp": "2026-03-31T05:52:24.230835",
  "population": 0
}