{
  "fish": [],
  "food": [],
  "algae": 95.09999999999843,
  "generation": 451,
  "timestamp": "2026-04-10T22:52:19.843076",
  "population": 0
}