{
  "fish": [],
  "food": [],
  "algae": 80.99999999999923,
  "generation": 310,
  "timestamp": "2026-04-04T22:52:39.372267",
  "population": 0
}