{
  "fish": [],
  "food": [],
  "algae": 86.29999999999893,
  "generation": 363,
  "timestamp": "2026-04-06T20:52:35.414860",
  "population": 0
}