{
  "fish": [],
  "food": [],
  "algae": 95.5999999999984,
  "generation": 456,
  "timestamp": "2026-04-11T05:17:25.767023",
  "population": 0
}