{
  "fish": [],
  "food": [],
  "algae": 95.29999999999842,
  "generation": 453,
  "timestamp": "2026-04-10T23:54:56.167564",
  "population": 0
}