{
  "fish": [],
  "food": [],
  "algae": 73.29999999999967,
  "generation": 233,
  "timestamp": "2026-04-02T11:55:26.760655",
  "population": 0
}