{
  "fish": [],
  "food": [],
  "algae": 97.69999999999828,
  "generation": 477,
  "timestamp": "2026-04-11T19:23:17.339794",
  "population": 0
}