{
  "fish": [],
  "food": [],
  "algae": 89.99999999999872,
  "generation": 400,
  "timestamp": "2026-04-08T15:43:24.495810",
  "population": 0
}