{
  "fish": [],
  "food": [],
  "algae": 55.80000000000008,
  "generation": 58,
  "timestamp": "2026-03-26T22:01:13.158970",
  "population": 0
}