{
  "fish": [],
  "food": [],
  "algae": 63.60000000000019,
  "generation": 136,
  "timestamp": "2026-03-29T11:38:29.257218",
  "population": 0
}