{
  "fish": [],
  "food": [],
  "algae": 61.90000000000017,
  "generation": 119,
  "timestamp": "2026-03-28T21:38:45.802289",
  "population": 0
}