{
  "fish": [],
  "food": [],
  "algae": 93.7999999999985,
  "generation": 438,
  "timestamp": "2026-04-10T12:04:31.717709",
  "population": 0
}