{
  "fish": [],
  "food": [],
  "algae": 59.600000000000136,
  "generation": 96,
  "timestamp": "2026-03-28T09:23:55.256044",
  "population": 0
}