{
  "fish": [],
  "food": [],
  "algae": 84.999999999999,
  "generation": 350,
  "timestamp": "2026-04-06T09:11:26.373849",
  "population": 0
}