{
  "fish": [],
  "food": [],
  "algae": 56.50000000000009,
  "generation": 65,
  "timestamp": "2026-03-27T06:14:32.253391",
  "population": 0
}