{
  "fish": [],
  "food": [],
  "algae": 94.29999999999848,
  "generation": 443,
  "timestamp": "2026-04-10T17:13:30.941134",
  "population": 0
}