{
  "fish": [],
  "food": [],
  "algae": 82.89999999999912,
  "generation": 329,
  "timestamp": "2026-04-05T15:18:42.105397",
  "population": 0
}