{
  "fish": [],
  "food": [],
  "algae": 54.30000000000006,
  "generation": 43,
  "timestamp": "2026-03-26T08:35:55.899631",
  "population": 0
}