{
  "fish": [],
  "food": [],
  "algae": 83.49999999999909,
  "generation": 335,
  "timestamp": "2026-04-05T18:31:49.451013",
  "population": 0
}