{
  "fish": [],
  "food": [],
  "algae": 92.29999999999859,
  "generation": 423,
  "timestamp": "2026-04-09T18:12:13.662592",
  "population": 0
}