{
  "fish": [],
  "food": [],
  "algae": 54.90000000000007,
  "generation": 49,
  "timestamp": "2026-03-26T14:58:00.585078",
  "population": 0
}