{
  "fish": [],
  "food": [],
  "algae": 89.29999999999876,
  "generation": 393,
  "timestamp": "2026-04-08T07:02:17.930108",
  "population": 0
}