{
  "fish": [],
  "food": [],
  "algae": 57.0000000000001,
  "generation": 70,
  "timestamp": "2026-03-27T11:01:51.284311",
  "population": 0
}