{
  "fish": [],
  "food": [],
  "algae": 60.300000000000146,
  "generation": 103,
  "timestamp": "2026-03-28T13:29:04.015671",
  "population": 0
}