{
  "fish": [],
  "food": [],
  "algae": 71.99999999999974,
  "generation": 220,
  "timestamp": "2026-04-01T21:40:02.843760",
  "population": 0
}