{
  "fish": [],
  "food": [],
  "algae": 98.29999999999825,
  "generation": 483,
  "timestamp": "2026-04-11T22:15:51.958500",
  "population": 0
}