{
  "fish": [],
  "food": [],
  "algae": 84.79999999999902,
  "generation": 348,
  "timestamp": "2026-04-06T06:07:08.630002",
  "population": 0
}