{
  "fish": [],
  "food": [],
  "algae": 76.2999999999995,
  "generation": 263,
  "timestamp": "2026-04-03T15:51:33.579843",
  "population": 0
}