{
  "fish": [],
  "food": [],
  "algae": 57.60000000000011,
  "generation": 76,
  "timestamp": "2026-03-27T16:29:28.832421",
  "population": 0
}