{
  "fish": [],
  "food": [],
  "algae": 82.09999999999917,
  "generation": 321,
  "timestamp": "2026-04-05T10:19:01.982132",
  "population": 0
}