{
  "fish": [],
  "food": [],
  "algae": 70.79999999999981,
  "generation": 208,
  "timestamp": "2026-04-01T09:53:53.126628",
  "population": 0
}