{
  "fish": [],
  "food": [],
  "algae": 54.20000000000006,
  "generation": 42,
  "timestamp": "2026-03-26T07:49:19.930573",
  "population": 0
}