{
  "fish": [],
  "food": [],
  "algae": 61.80000000000017,
  "generation": 118,
  "timestamp": "2026-03-28T21:02:09.963187",
  "population": 0
}