{
  "fish": [],
  "food": [],
  "algae": 59.10000000000013,
  "generation": 91,
  "timestamp": "2026-03-28T05:42:05.525951",
  "population": 0
}