{
  "fish": [],
  "food": [],
  "algae": 57.90000000000011,
  "generation": 79,
  "timestamp": "2026-03-27T19:10:33.440039",
  "population": 0
}