{
  "fish": [],
  "food": [],
  "algae": 81.4999999999992,
  "generation": 315,
  "timestamp": "2026-04-05T05:50:48.700905",
  "population": 0
}