{
  "fish": [],
  "food": [],
  "algae": 74.29999999999961,
  "generation": 243,
  "timestamp": "2026-04-02T20:57:21.130066",
  "population": 0
}