{
  "fish": [],
  "food": [],
  "algae": 92.0999999999986,
  "generation": 421,
  "timestamp": "2026-04-09T16:02:50.242479",
  "population": 0
}