{
  "fish": [],
  "food": [],
  "algae": 94.19999999999848,
  "generation": 442,
  "timestamp": "2026-04-10T16:28:34.785986",
  "population": 0
}