{
  "fish": [],
  "food": [],
  "algae": 99.1999999999982,
  "generation": 492,
  "timestamp": "2026-04-12T09:11:32.638107",
  "population": 0
}