{
  "fish": [],
  "food": [],
  "algae": 85.199999999999,
  "generation": 352,
  "timestamp": "2026-04-06T11:15:05.969798",
  "population": 0
}