{
  "fish": [],
  "food": [],
  "algae": 92.99999999999855,
  "generation": 430,
  "timestamp": "2026-04-09T23:56:31.174658",
  "population": 0
}