{
  "fish": [],
  "food": [],
  "algae": 97.2999999999983,
  "generation": 473,
  "timestamp": "2026-04-11T16:57:13.193786",
  "population": 0
}