{
  "fish": [],
  "food": [],
  "algae": 88.6999999999988,
  "generation": 387,
  "timestamp": "2026-04-07T22:22:40.614151",
  "population": 0
}