{
  "fish": [],
  "food": [],
  "algae": 66.70000000000005,
  "generation": 167,
  "timestamp": "2026-03-30T13:56:46.550725",
  "population": 0
}