{
  "fish": [],
  "food": [],
  "algae": 67.30000000000001,
  "generation": 173,
  "timestamp": "2026-03-30T20:01:43.792545",
  "population": 0
}