{
  "fish": [],
  "food": [],
  "algae": 82.39999999999915,
  "generation": 324,
  "timestamp": "2026-04-05T11:51:14.417243",
  "population": 0
}