{
  "fish": [],
  "food": [],
  "algae": 89.49999999999875,
  "generation": 395,
  "timestamp": "2026-04-08T09:35:04.619911",
  "population": 0
}