{
  "fish": [],
  "food": [],
  "algae": 56.8000000000001,
  "generation": 68,
  "timestamp": "2026-03-27T09:12:46.389020",
  "population": 0
}