{
  "fish": [],
  "food": [],
  "algae": 79.6999999999993,
  "generation": 297,
  "timestamp": "2026-04-04T16:16:22.955599",
  "population": 0
}