{
  "fish": [],
  "food": [],
  "algae": 73.89999999999964,
  "generation": 239,
  "timestamp": "2026-04-02T17:58:49.755200",
  "population": 0
}