{
  "fish": [],
  "food": [],
  "algae": 90.2999999999987,
  "generation": 403,
  "timestamp": "2026-04-08T18:53:52.793931",
  "population": 0
}