{
  "fish": [],
  "food": [],
  "algae": 52.70000000000004,
  "generation": 27,
  "timestamp": "2026-03-25T17:14:54.244075",
  "population": 0
}