{
  "fish": [],
  "food": [],
  "algae": 92.49999999999858,
  "generation": 425,
  "timestamp": "2026-04-09T20:27:58.783756",
  "population": 0
}