{
  "fish": [],
  "food": [],
  "algae": 69.49999999999989,
  "generation": 195,
  "timestamp": "2026-03-31T19:37:32.793533",
  "population": 0
}