{
  "fish": [],
  "food": [],
  "algae": 64.20000000000019,
  "generation": 142,
  "timestamp": "2026-03-29T15:22:47.641891",
  "population": 0
}