{
  "fish": [],
  "food": [],
  "algae": 88.4999999999988,
  "generation": 385,
  "timestamp": "2026-04-07T20:59:30.221353",
  "population": 0
}