{
  "fish": [],
  "food": [],
  "algae": 64.70000000000016,
  "generation": 147,
  "timestamp": "2026-03-29T17:52:51.386674",
  "population": 0
}