{
  "fish": [],
  "food": [],
  "algae": 60.40000000000015,
  "generation": 104,
  "timestamp": "2026-03-28T14:03:49.353088",
  "population": 0
}