{
  "fish": [],
  "food": [],
  "algae": 61.40000000000016,
  "generation": 114,
  "timestamp": "2026-03-28T19:19:22.450567",
  "population": 0
}