{
  "fish": [],
  "food": [],
  "algae": 87.09999999999889,
  "generation": 371,
  "timestamp": "2026-04-07T05:30:49.842105",
  "population": 0
}