{
  "fish": [],
  "food": [],
  "algae": 81.99999999999918,
  "generation": 320,
  "timestamp": "2026-04-05T09:51:36.916332",
  "population": 0
}