{
  "fish": [],
  "food": [],
  "algae": 98.69999999999823,
  "generation": 487,
  "timestamp": "2026-04-12T01:11:03.703936",
  "population": 0
}