{
  "fish": [],
  "food": [],
  "algae": 68.49999999999994,
  "generation": 185,
  "timestamp": "2026-03-31T09:15:20.589455",
  "population": 0
}