{
  "fish": [],
  "food": [],
  "algae": 91.69999999999862,
  "generation": 417,
  "timestamp": "2026-04-09T10:55:04.259129",
  "population": 0
}