{
  "fish": [],
  "food": [],
  "algae": 51.90000000000003,
  "generation": 19,
  "timestamp": "2026-03-25T09:02:49.025871",
  "population": 0
}