{
  "fish": [],
  "food": [],
  "algae": 93.8999999999985,
  "generation": 439,
  "timestamp": "2026-04-10T13:43:56.369859",
  "population": 0
}