{
  "fish": [],
  "food": [],
  "algae": 91.39999999999864,
  "generation": 414,
  "timestamp": "2026-04-09T07:09:21.845554",
  "population": 0
}