{
  "fish": [],
  "food": [],
  "algae": 83.79999999999907,
  "generation": 338,
  "timestamp": "2026-04-05T20:03:07.765877",
  "population": 0
}