{
  "fish": [],
  "food": [],
  "algae": 63.800000000000196,
  "generation": 138,
  "timestamp": "2026-03-29T12:44:59.597427",
  "population": 0
}