{
  "fish": [],
  "food": [],
  "algae": 59.80000000000014,
  "generation": 98,
  "timestamp": "2026-03-28T10:26:56.038424",
  "population": 0
}