{
  "fish": [],
  "food": [],
  "algae": 87.39999999999887,
  "generation": 374,
  "timestamp": "2026-04-07T09:16:11.395006",
  "population": 0
}