{
  "fish": [],
  "food": [],
  "algae": 91.49999999999864,
  "generation": 415,
  "timestamp": "2026-04-09T08:45:36.239020",
  "population": 0
}