{
  "fish": [],
  "food": [],
  "algae": 80.19999999999928,
  "generation": 302,
  "timestamp": "2026-04-04T19:05:06.912270",
  "population": 0
}