{
  "fish": [],
  "food": [],
  "algae": 51.800000000000026,
  "generation": 18,
  "timestamp": "2026-03-25T08:03:24.543495",
  "population": 0
}