{
  "fish": [],
  "food": [],
  "algae": 73.79999999999964,
  "generation": 238,
  "timestamp": "2026-04-02T17:09:17.444667",
  "population": 0
}