{
  "fish": [],
  "food": [],
  "algae": 72.6999999999997,
  "generation": 227,
  "timestamp": "2026-04-02T05:55:11.288496",
  "population": 0
}