{
  "fish": [],
  "food": [],
  "algae": 75.79999999999953,
  "generation": 258,
  "timestamp": "2026-04-03T11:45:35.667289",
  "population": 0
}