{
  "fish": [],
  "food": [],
  "algae": 80.49999999999926,
  "generation": 305,
  "timestamp": "2026-04-04T20:29:13.722510",
  "population": 0
}