{
  "fish": [],
  "food": [],
  "algae": 72.09999999999974,
  "generation": 221,
  "timestamp": "2026-04-01T22:07:45.476843",
  "population": 0
}