{
  "fish": [],
  "food": [],
  "algae": 71.29999999999978,
  "generation": 213,
  "timestamp": "2026-04-01T15:42:20.724737",
  "population": 0
}