{
  "fish": [],
  "food": [],
  "algae": 87.59999999999886,
  "generation": 376,
  "timestamp": "2026-04-07T11:16:05.123650",
  "population": 0
}