{
  "fish": [],
  "food": [],
  "algae": 78.19999999999939,
  "generation": 282,
  "timestamp": "2026-04-04T07:17:16.122538",
  "population": 0
}