{
  "fish": [],
  "food": [],
  "algae": 86.09999999999894,
  "generation": 361,
  "timestamp": "2026-04-06T19:37:13.830063",
  "population": 0
}