{
  "fish": [],
  "food": [],
  "algae": 81.5999999999992,
  "generation": 316,
  "timestamp": "2026-04-05T06:49:05.168228",
  "population": 0
}