{
  "fish": [],
  "food": [],
  "algae": 55.60000000000008,
  "generation": 56,
  "timestamp": "2026-03-26T21:17:07.736030",
  "population": 0
}