{
  "fish": [],
  "food": [],
  "algae": 56.40000000000009,
  "generation": 64,
  "timestamp": "2026-03-27T05:00:36.970935",
  "population": 0
}