{
  "fish": [],
  "food": [],
  "algae": 53.60000000000005,
  "generation": 36,
  "timestamp": "2026-03-25T23:21:49.244103",
  "population": 0
}