{
  "fish": [],
  "food": [],
  "algae": 56.10000000000009,
  "generation": 61,
  "timestamp": "2026-03-26T23:37:36.413964",
  "population": 0
}