{
  "fish": [],
  "food": [],
  "algae": 80.09999999999928,
  "generation": 301,
  "timestamp": "2026-04-04T18:21:56.301575",
  "population": 0
}