{
  "fish": [],
  "food": [],
  "algae": 60.50000000000015,
  "generation": 105,
  "timestamp": "2026-03-28T14:42:57.208473",
  "population": 0
}