{
  "fish": [],
  "food": [],
  "algae": 70.09999999999985,
  "generation": 201,
  "timestamp": "2026-03-31T23:19:35.961223",
  "population": 0
}