{
  "fish": [],
  "food": [],
  "algae": 89.59999999999874,
  "generation": 396,
  "timestamp": "2026-04-08T10:38:55.206830",
  "population": 0
}