{
  "fish": [],
  "food": [],
  "algae": 83.3999999999991,
  "generation": 334,
  "timestamp": "2026-04-05T17:55:39.590501",
  "population": 0
}