{
  "fish": [],
  "food": [],
  "algae": 64.50000000000017,
  "generation": 145,
  "timestamp": "2026-03-29T16:55:22.469793",
  "population": 0
}